genome	rl	damagelevel	covbin	AC	AG	AT	CA	CG	CT	GA	GC	GT	TA	TC	TG	Del	Ins
Tforsythia	long	0	7	20640	18968	22878	20940	18621	21325	18878	18756	19306	22641	21518	19230	19	3
Adentalis	long	3	0	0	0	0	0	0	0	0	0	0	0	0	0	0	0
Msmithii	short	1	0	0	0	0	0	0	0	0	0	0	0	0	0	0	0
Msmithii	short	0	0	0	0	0	0	0	0	0	0	0	0	0	0	0	0
Adentalis	short	2	0	0	0	0	0	0	0	0	0	0	0	0	0	0	0
Msmithii	medium	7	3	2828	3328	6502	2686	1336	3132	3304	1366	3192	6768	2887	3061	11	0
Msmithii	short	5	4	8029	8346	17441	8180	3396	8308	7862	3735	7607	17912	8105	7403	9	1
Adentalis	short	2	3	1852	1982	1138	1885	6338	2213	2263	6369	1904	1091	1987	1958	22	0
Msmithii	medium	8	5	20673	20242	45125	20554	9128	21529	19931	8964	19756	45478	21540	19247	10	2
Msmithii	short	8	6	23476	23718	50039	22778	10579	23367	22991	9940	22236	51457	23327	20826	9	3
Adentalis	long	3	7	42992	44566	21293	42229	133530	44543	45804	131828	44360	20925	45323	43809	52	2
Msmithii	medium	0	1	0	0	0	0	0	0	0	0	0	0	0	0	0	0
Adentalis	short	2	1	0	0	0	0	0	0	0	0	0	0	0	0	0	0
Msmithii	medium	0	2	4	0	3	4	1	3	2	0	1	1	3	1	1	0
Msmithii	medium	7	2	4	0	3	5	1	19	21	0	1	1	3	1	1	0
Msmithii	short	0	5	23526	24925	53735	24608	10111	24784	24535	11506	22480	53073	24477	23402	11	0
Msmithii	medium	7	5	20508	20104	44821	20429	9066	21342	19768	8957	19452	45124	21363	18975	11	1
Msmithii	medium	0	5	21700	22782	49664	21685	9962	22696	22496	9892	22226	49918	22766	21823	11	1
Msmithii	medium	2	4	19035	19352	42276	19016	8354	20405	18902	8955	18461	42728	19720	18622	15	1
Msmithii	medium	2	5	23275	22871	51039	24054	9722	24152	22716	10602	21437	50289	24033	22131	13	2
Adentalis	medium	1	7	35240	35853	16642	34652	109572	36319	36601	108218	36660	16606	36931	35953	46	3
Adentalis	long	6	0	0	0	0	0	0	0	0	0	0	0	0	0	0	0
Msmithii	short	0	1	0	0	0	0	0	0	0	0	0	0	0	0	0	0
Msmithii	medium	7	4	16995	17370	37580	17493	7123	17944	17045	7952	16293	37341	17570	16749	15	2
Msmithii	medium	0	6	23366	22966	51506	23442	10269	24544	22731	10314	22296	51547	24550	22073	12	3
Adentalis	medium	4	4	13189	14024	6046	13069	43090	13851	13936	43235	13237	6469	13366	13080	52	2
Msmithii	medium	2	7	17478	18214	39980	17623	7898	18572	17968	7996	17715	40104	18622	17523	9	1
Msmithii	short	7	7	23653	25014	53953	24747	10129	24845	24647	11533	22528	53261	24552	23479	11	2
Msmithii	short	4	6	19931	20843	44799	20160	9013	20958	20406	9415	19177	45043	20800	19051	11	1
Adentalis	long	9	4	23965	24489	11840	23642	76643	24402	25180	75646	24292	11784	24841	23674	47	3
Adentalis	short	2	4	10750	10149	4850	10417	34212	10764	10851	33637	10450	4625	10919	10365	49	2
Msmithii	short	1	1	0	0	0	0	0	0	0	0	0	0	0	0	0	0
Adentalis	short	3	1	0	0	0	0	0	0	0	0	0	0	0	0	0	0
Adentalis	medium	4	0	0	0	0	0	0	0	0	0	0	0	0	0	0	0
Msmithii	medium	4	3	2880	3395	7080	2787	1261	3057	3407	1328	3115	7194	2861	3064	12	0
Msmithii	medium	8	0	0	0	0	0	0	0	0	0	0	0	0	0	0	0
Msmithii	medium	2	6	20240	20265	44788	20201	9056	21159	20106	9015	19720	44922	21158	19474	10	1
Msmithii	medium	8	3	3289	3436	7437	3226	1321	3374	3385	1422	3121	7541	3135	3042	13	0
Msmithii	short	1	7	19769	20741	44834	19949	8869	20621	20160	9220	19066	45236	20465	18791	9	2
Msmithii	medium	7	6	24263	24237	53623	24312	10660	25015	24068	10748	22876	53689	24971	22747	11	4
Msmithii	medium	4	1	0	0	0	0	0	0	0	0	0	0	0	0	0	0
Adentalis	long	5	0	0	0	0	0	0	0	0	0	0	0	0	0	0	0
Tforsythia	medium	4	2	371	267	345	384	322	490	289	314	279	337	474	265	2	1
Adentalis	long	5	2	331	271	149	333	950	713	618	932	348	154	317	320	5	0
Tforsythia	medium	1	3	4839	4878	5252	4633	4606	5046	4975	5018	4358	5567	4238	4630	7	12
Tforsythia	medium	6	4	7591	8294	9016	7665	6690	8595	7664	7460	7546	9633	7826	7560	15	10
Adentalis	medium	9	1	0	0	0	0	0	0	0	0	0	0	0	0	0	0
Adentalis	short	2	2	0	0	0	0	0	0	0	0	0	0	0	0	0	0
Tforsythia	short	2	1	0	0	0	0	0	0	0	0	0	0	0	0	0	0
Adentalis	medium	9	0	0	0	0	0	0	0	0	0	0	0	0	0	0	0
Tforsythia	medium	6	2	349	247	304	360	304	441	260	296	275	307	440	253	1	1
Tforsythia	long	3	2	2	26	1	7	4	261	250	4	10	4	25	5	0	0
Adentalis	long	0	2	1465	1289	785	1421	3993	1382	1504	3799	1403	628	1494	1422	14	1
Tforsythia	short	2	3	355	455	677	370	216	498	574	223	445	663	373	454	4	2
Tforsythia	short	2	5	4333	3740	5712	4475	3578	4590	3947	3435	3936	5398	4861	3978	9	4
Adentalis	short	0	3	2889	3073	1508	2996	9589	3191	3013	9837	2873	1514	3005	3016	28	0
Adentalis	short	8	5	11768	11581	5396	11474	37659	11962	12150	36987	11862	5222	12227	11648	45	1
Tforsythia	medium	0	6	20239	19739	23707	20945	17779	20375	19591	18141	18801	23193	20694	18971	17	12
Tforsythia	short	8	6	4521	4025	6223	4714	4127	4664	4548	3762	4287	5542	5196	4418	11	1
Adentalis	short	0	4	12816	12516	6164	12408	42097	12832	13342	41129	12822	5828	13295	12547	51	1
Adentalis	medium	1	4	11928	12314	5878	11905	39745	12802	12472	39792	12214	5922	12558	12170	53	2
Adentalis	medium	1	5	24824	24869	12157	24297	80324	25217	26077	78768	25871	11607	26131	25323	47	2
Tforsythia	medium	7	1	0	0	0	0	0	0	0	0	0	0	0	0	0	0
Adentalis	long	9	2	493	408	252	445	1390	574	706	1298	408	211	416	410	6	0
Adentalis	short	1	2	0	0	0	0	0	0	0	0	0	0	0	0	0	0
Adentalis	short	1	6	12401	12500	5702	12042	40485	13025	12906	39836	12515	5764	13215	12156	45	2
Adentalis	long	0	3	14607	14876	6959	14219	46536	15151	15440	45734	14829	6880	15405	14530	50	2
Adentalis	long	9	5	33912	35963	16461	33231	105917	35611	35982	105602	35111	17268	35102	34708	47	2
Tforsythia	medium	1	1	0	0	0	0	0	0	0	0	0	0	0	0	0	0
Adentalis	long	9	1	0	0	0	0	0	0	0	0	0	0	0	0	0	0
Tforsythia	short	9	6	7836	7111	9597	8004	7482	7817	7676	7149	7103	8867	8320	7303	11	3
Adentalis	long	1	2	959	901	520	934	2965	1298	1263	2902	991	538	921	956	11	0
Tforsythia	medium	7	6	10994	10425	13851	11454	9100	11114	10439	9090	10431	13447	11543	10385	11	12
Tforsythia	medium	0	4	17085	16504	19142	16684	14409	17349	15803	15107	15643	20391	16150	15525	16	12
Tforsythia	medium	1	5	22540	22742	26254	22483	20368	23186	22608	20516	22212	26529	22915	22142	12	10
Adentalis	long	1	5	38467	39533	17381	37467	118107	39957	40080	117331	39270	17947	39628	38888	46	4
Tforsythia	long	4	7	29494	29604	34845	29896	26841	30177	29788	27027	29438	34345	30467	29790	11	8
Tforsythia	short	2	4	2812	2305	3870	2792	1910	3079	2358	1814	2513	3924	3119	2411	10	6
Adentalis	medium	9	5	26828	27871	12459	26335	86499	27498	28546	85169	27812	12374	28225	27012	49	3
Adentalis	long	9	3	9857	9938	4833	9601	31007	10748	11032	30412	9961	4682	10382	9808	44	7
Adentalis	medium	1	6	35321	35669	16765	34479	110893	36321	36979	108610	36993	16416	37572	35919	47	3
Adentalis	medium	7	6	33808	34189	15019	33310	105168	35274	34489	104742	34669	15313	35049	34379	49	4
Adentalis	long	0	7	38842	38982	20156	38058	122109	39119	41353	118952	40186	18686	41374	39294	45	0
Tforsythia	medium	0	1	0	0	0	0	0	0	0	0	0	0	0	0	0	0
Tforsythia	medium	1	0	0	0	0	0	0	0	0	0	0	0	0	0	0	0
Tforsythia	medium	2	1	0	0	0	0	0	0	0	0	0	0	0	0	0	0
Adentalis	medium	9	3	4997	4941	2487	4915	15298	5759	5668	15200	4819	2456	5140	4875	36	1
Msmithii	long	4	4	18448	20593	43620	18560	8180	19853	19800	8982	19620	44438	19165	19548	10	0
Adentalis	medium	4	1	0	0	0	0	0	0	0	0	0	0	0	0	0	0
Adentalis	medium	7	3	5192	5284	2598	5122	17167	6131	5870	17214	5255	2708	5429	5257	44	5
Msmithii	short	0	4	10567	11982	24835	10751	4707	11301	11376	5141	10873	25388	11051	10645	10	1
Tforsythia	short	2	0	0	0	0	0	0	0	0	0	0	0	0	0	0	0
Tforsythia	long	9	0	0	0	0	0	0	0	0	0	0	0	0	0	0	0
Tforsythia	long	6	0	0	0	0	0	0	0	0	0	0	0	0	0	0	0
Adentalis	medium	0	2	253	335	158	276	1109	367	329	1134	332	153	337	349	5	0
Adentalis	medium	7	2	204	252	114	211	891	332	281	899	258	119	273	261	4	0
Tforsythia	short	6	1	0	0	0	0	0	0	0	0	0	0	0	0	0	0
Tforsythia	long	6	3	6748	6626	8535	7173	6724	7600	7312	6662	6442	7748	7900	6805	17	14
Adentalis	long	5	3	14607	14946	7257	14478	46846	15567	15974	46495	14672	7028	15090	14708	49	7
Tforsythia	long	8	6	25475	25694	27977	25239	23204	25417	25101	23736	23975	28777	24672	23908	9	12
Adentalis	long	9	6	40178	41926	19758	39560	127465	41743	43111	125487	42195	19323	42937	41305	45	1
Msmithii	medium	4	4	13684	14668	32494	13436	6057	15111	14370	6263	14083	33049	14658	13978	14	1
Adentalis	long	1	6	39375	40803	18430	38968	123343	40868	41155	122495	40315	18589	41225	39733	43	1
Tforsythia	short	2	7	10251	9539	12235	10212	9476	10415	10084	9054	9614	11749	10791	9698	15	2
Adentalis	long	9	7	40018	40393	21011	39289	126741	40538	42694	123646	41494	19566	42763	40588	44	0
Adentalis	long	8	4	35335	33500	16052	33792	105368	33801	37247	100283	35106	14140	37242	33406	52	5
Adentalis	long	8	3	8888	8670	4307	8496	27517	9328	9937	26681	8817	4171	9049	8482	40	1
Tforsythia	long	4	0	0	0	0	0	0	0	0	0	0	0	0	0	0	0
Tforsythia	long	7	1	0	0	0	0	0	0	0	0	0	0	0	0	0	0
Tforsythia	medium	0	0	0	0	0	0	0	0	0	0	0	0	0	0	0	0
Msmithii	short	1	2	0	0	0	0	0	0	0	0	0	0	0	0	0	0
Msmithii	medium	4	0	0	0	0	0	0	0	0	0	0	0	0	0	0	0
Tforsythia	medium	5	2	375	268	345	387	324	487	279	315	281	343	476	265	1	0
Adentalis	long	7	2	703	672	422	722	1612	992	977	1612	655	385	707	688	6	3
Tforsythia	long	6	2	436	446	471	428	413	709	694	477	409	525	442	470	3	3
Msmithii	long	3	5	22503	22661	49467	22539	10048	22916	22613	10052	21282	49482	22969	21172	11	2
Msmithii	short	1	3	885	820	1706	723	387	1024	913	316	829	1850	898	782	8	2
Adentalis	medium	3	3	4657	4833	2372	4756	15483	5709	5297	15767	4637	2404	4884	4836	38	6
Msmithii	medium	1	7	26088	26572	58746	26089	11664	27693	26210	11689	25824	59025	27632	25454	12	5
Tforsythia	medium	7	4	6239	6340	7428	6122	5153	6797	5928	5535	6239	8175	6154	6106	16	12
Msmithii	long	0	7	26149	26827	58456	26099	12127	27442	26529	11669	26683	58710	27827	25878	14	0
Tforsythia	long	4	2	153	183	144	155	185	503	404	257	149	168	177	179	2	1
Msmithii	medium	4	6	26531	26252	57972	26579	11623	27644	26050	11766	24817	58061	27514	24701	12	1
Tforsythia	medium	2	7	19183	18421	22693	19664	16398	19546	18259	16658	18102	22382	19720	18107	14	9
Tforsythia	short	2	6	10434	9703	12403	10402	9642	10595	10264	9206	9749	11895	10997	9840	17	4
Tforsythia	medium	9	5	12996	13232	16286	13267	10832	13264	13160	11093	12795	16136	13251	12923	14	8
Tforsythia	long	5	7	27826	28381	33122	28015	26443	28980	28731	26285	28051	32663	29392	28278	18	7
Adentalis	medium	3	7	30144	30246	13835	29623	92487	30988	31190	91201	31340	13511	31631	30886	44	4
Msmithii	long	2	5	29168	30234	65848	28970	13752	30292	30008	12997	30853	66211	30822	29871	12	1
Msmithii	medium	7	7	24127	25731	56210	24359	10874	25456	25344	11084	24346	56386	25480	24117	11	4
Adentalis	long	7	5	38656	40715	18217	38287	120800	40577	41039	119985	40285	18402	40904	39679	44	2
Tforsythia	short	4	0	0	0	0	0	0	0	0	0	0	0	0	0	0	0
Msmithii	short	2	1	0	0	0	0	0	0	0	0	0	0	0	0	0	0
Tforsythia	short	3	0	0	0	0	0	0	0	0	0	0	0	0	0	0	0
Adentalis	short	7	0	0	0	0	0	0	0	0	0	0	0	0	0	0	0
Tforsythia	short	9	0	0	0	0	0	0	0	0	0	0	0	0	0	0	0
Tforsythia	long	6	1	0	0	0	0	0	0	0	0	0	0	0	0	0	0
Msmithii	short	7	2	0	0	0	0	0	0	0	0	0	0	0	0	0	0
Tforsythia	short	6	2	0	0	1	0	0	1	0	0	0	0	0	1	0	0
Msmithii	short	0	3	935	1038	1907	872	399	973	988	427	930	2048	913	886	10	1
Msmithii	short	1	5	23526	24925	53735	24608	10111	24784	24535	11506	22480	53073	24477	23402	11	0
Msmithii	long	4	5	20466	20423	45178	20438	9116	21418	20263	9158	19658	45338	21352	19493	10	2
Tforsythia	short	6	3	388	379	416	386	360	530	592	327	327	373	442	341	6	1
Msmithii	medium	4	5	20784	20359	45631	20711	9193	21598	20046	9010	19915	45934	21696	19376	11	1
Msmithii	long	6	6	26911	27927	60620	26809	12526	28237	27616	12060	27821	60943	28570	26994	12	0
Tforsythia	short	6	4	1327	1282	1878	1293	1514	1503	1657	1291	1455	1606	1664	1548	11	5
Msmithii	medium	9	4	20393	20624	45653	20339	8829	21845	20125	9445	19870	46190	21146	19962	14	1
Tforsythia	medium	7	7	16914	16458	20363	17458	14617	17220	16245	14830	16234	20043	17537	16252	16	16
Msmithii	long	7	5	20887	20970	45494	20746	9713	21425	20849	9147	21014	45706	21860	20283	10	0
Tforsythia	medium	1	4	10212	10137	12711	10320	9397	10848	10130	9714	9597	12696	10587	9805	14	10
Tforsythia	medium	4	7	27739	27369	31822	28214	24616	28753	26812	25255	27199	32025	28578	27179	14	12
Adentalis	long	7	3	10393	11048	5071	10118	33076	11147	11676	32961	10145	5377	10256	10014	46	2
Tforsythia	long	3	7	14791	13739	16491	14828	13509	15468	13640	13712	14069	16515	15389	14182	11	5
Msmithii	short	2	4	8618	9406	20049	8799	3722	9079	8932	4103	8426	20388	8864	8294	9	0
Tforsythia	long	4	5	28937	29873	32536	28780	26850	29826	29994	26133	29220	32694	30348	28573	19	14
Msmithii	long	2	6	26879	27939	60804	26812	12500	28262	27632	12066	27756	61071	28608	26968	12	0
Msmithii	short	2	0	0	0	0	0	0	0	0	0	0	0	0	0	0	0
Msmithii	short	4	1	0	0	0	0	0	0	0	0	0	0	0	0	0	0
Msmithii	short	2	2	0	0	0	0	0	0	0	0	0	0	0	0	0	0
Adentalis	long	7	1	0	0	0	0	0	0	0	0	0	0	0	0	0	0
Adentalis	short	4	0	0	0	0	0	0	0	0	0	0	0	0	0	0	0
Tforsythia	short	4	1	0	0	0	0	0	0	0	0	0	0	0	0	0	0
Msmithii	medium	9	2	4	0	2	4	1	18	9	0	1	1	3	1	1	0
Msmithii	medium	8	2	4	0	3	4	1	12	14	0	1	1	3	1	1	0
Adentalis	short	7	3	1688	1793	839	1780	5425	2101	1917	5694	1636	882	1660	1797	17	0
Msmithii	long	1	7	24570	26587	57016	24612	10946	26984	25996	11498	24927	57494	26430	24835	14	0
Tforsythia	short	3	3	825	812	1126	831	693	1036	1010	640	827	1047	931	849	4	2
Msmithii	medium	4	7	23460	23009	51321	23456	10292	24658	22800	10327	22325	51458	24573	22112	11	5
Msmithii	short	2	5	20751	21103	45956	21763	8553	21525	20640	9854	18724	45427	21234	19505	12	0
Msmithii	long	8	4	25739	27245	59338	25903	11639	26777	27010	11816	25583	59478	26786	25442	12	3
Msmithii	long	4	7	26881	27941	60824	26820	12503	28274	27636	12072	27760	61086	28623	26977	12	0
Tforsythia	long	7	5	32573	32560	38401	32940	31352	32067	34090	30690	31003	36650	32985	31664	18	17
Adentalis	short	7	4	10391	9953	4710	10044	34875	10525	10626	34220	10378	4523	10717	10185	52	1
Tforsythia	medium	0	7	21890	21133	25478	22236	19493	21843	21432	19493	20770	24851	22178	20964	12	12
Tforsythia	long	4	3	6911	6981	7449	7002	6321	7850	6858	6851	6708	7792	7217	6833	18	13
Tforsythia	long	4	4	21665	19922	26037	21911	21657	21169	22498	19638	20810	23206	23529	21467	19	6
Tforsythia	medium	9	6	26758	26726	31034	26936	23588	26827	26547	23850	25402	31123	26670	25387	12	7
Tforsythia	long	6	5	41026	42680	46144	41077	38469	42498	42318	39117	40580	46630	41869	40752	16	20
Tforsythia	short	7	2	0	6	2	1	0	10	10	0	1	1	15	2	0	0
Adentalis	short	4	2	0	0	0	0	0	0	0	0	0	0	0	0	0	0
Tforsythia	short	8	0	0	0	0	0	0	0	0	0	0	0	0	0	0	0
Tforsythia	medium	2	0	0	0	0	0	0	0	0	0	0	0	0	0	0	0
Msmithii	short	6	0	0	0	0	0	0	0	0	0	0	0	0	0	0	0
Msmithii	medium	9	0	0	0	0	0	0	0	0	0	0	0	0	0	0	0
Msmithii	medium	7	1	0	0	0	0	0	0	0	0	0	0	0	0	0	0
Adentalis	medium	2	2	54	79	24	64	261	103	113	262	54	18	67	54	1	0
Msmithii	short	7	3	1188	1054	2117	1005	473	1212	1120	439	954	2313	1029	933	10	2
Tforsythia	short	5	3	468	405	447	496	372	684	500	377	391	452	592	362	6	1
Tforsythia	short	8	3	837	840	1159	852	704	1043	1042	659	848	1079	964	873	6	2
Msmithii	long	4	3	10907	11058	23676	10742	4704	11276	11009	4826	10373	24006	10949	10356	15	5
Msmithii	long	1	3	10375	10040	21963	9786	4339	10621	9984	4266	9692	22709	10065	9471	11	4
Msmithii	short	2	7	23653	25013	53953	24746	10129	24847	24647	11533	22527	53260	24552	23478	11	2
Msmithii	long	9	4	19019	20099	44120	18913	8569	20499	20020	8764	19067	44358	20234	19119	12	1
Msmithii	short	2	6	23613	24992	53914	24716	10124	24831	24624	11527	22518	53212	24540	23469	11	0
Tforsythia	short	6	7	7664	6977	9453	7829	7347	7675	7534	7018	6982	8743	8159	7185	12	3
Tforsythia	long	7	4	29983	29016	34552	30047	26761	29983	29269	26513	27291	34353	30284	27163	22	7
Tforsythia	medium	1	7	22711	22398	25801	22809	19853	22819	22057	20279	21641	26023	22451	21657	17	11
Tforsythia	short	3	6	9203	8072	10959	9224	8772	9335	8781	8197	8226	10240	9929	8330	18	3
Adentalis	long	7	7	40736	42443	19351	40157	127017	42587	43257	125698	42539	19216	43178	41961	46	2
Tforsythia	long	7	7	32997	32778	38061	33689	29673	33830	31909	30237	32731	38377	33902	32323	13	8
Tforsythia	long	2	7	33594	32859	40141	34327	31766	34270	33840	31094	33323	38470	35646	33552	17	9
Msmithii	medium	1	2	4	0	3	4	1	14	11	0	1	1	3	1	1	0
Adentalis	short	5	3	2029	2224	1132	2131	6709	2477	2437	6845	2116	1108	2157	2166	20	0
Msmithii	short	0	6	20977	22295	47850	21195	9555	22149	21777	9961	20628	48190	21972	20425	11	1
Msmithii	short	0	7	23653	25014	53953	24746	10129	24845	24653	11533	22528	53261	24552	23478	11	2
Msmithii	short	7	4	8952	9788	20439	9196	3830	9408	9188	4318	8720	20827	9155	8581	9	0
Msmithii	medium	3	5	19208	19000	42384	19044	8542	20048	18745	8314	18548	42733	20106	18022	11	1
Tforsythia	long	1	5	35388	35008	42011	36169	33343	34767	36521	32091	34898	39885	36832	35116	15	17
Tforsythia	medium	6	7	25739	24669	30268	26379	24322	25704	25755	23861	24111	28556	26767	24634	15	6
Msmithii	medium	9	5	18007	17922	39795	17857	8052	18534	17659	7817	17544	40152	18629	17009	10	1
Msmithii	medium	5	5	20837	20978	46458	21630	8740	21488	20906	9575	19494	45683	21455	20214	13	1
Msmithii	short	1	6	20869	22232	47738	21096	9474	22044	21695	9885	20564	48090	21869	20347	10	0
Adentalis	long	5	5	36348	37781	16532	35535	112539	37910	37986	112016	37247	17304	37462	36777	49	4
Tforsythia	long	0	3	9440	8901	10672	9384	9728	9851	9146	9408	9206	10579	10136	9105	11	9
Tforsythia	medium	0	3	5077	5356	5696	5014	5131	5246	5285	5489	4825	5724	4880	5163	11	11
Msmithii	medium	5	3	3229	3325	7072	3091	1363	3309	3291	1459	3025	7203	3042	2978	12	0
Adentalis	long	3	3	9799	9926	4764	9812	31199	10848	10752	30806	10194	4568	10597	10019	46	1
Adentalis	medium	7	5	25791	26396	12398	25111	84033	26384	27180	82620	26530	12386	26987	25738	49	3
Adentalis	long	5	7	42546	44294	21001	41778	133991	43993	45500	132110	44111	20705	44939	43318	50	1
Tforsythia	long	1	4	27214	27407	30695	27159	24735	28292	26265	25805	26639	32020	27095	26560	14	11
Tforsythia	long	9	4	27842	28018	31812	28050	24622	28660	27319	25513	27082	32328	27973	27234	17	6
Tforsythia	medium	1	6	26507	25662	30062	26753	23440	26849	25332	23812	24819	30177	26673	24732	16	9
Adentalis	short	5	7	13390	13654	6263	12954	44340	13814	14167	43599	13713	6300	14046	13324	43	1
Adentalis	long	4	5	36297	38091	17251	35381	113414	37702	38513	112458	37455	17884	37569	36792	48	4
Msmithii	short	9	3	935	1037	1907	872	399	1028	1048	427	930	2048	917	886	10	1
Adentalis	short	5	4	10509	10218	4996	10284	34229	10645	10908	33507	10648	4707	11028	10375	48	0
Tforsythia	long	9	1	51	53	61	53	55	33	76	44	31	34	46	45	1	0
Adentalis	short	6	2	0	0	0	0	0	0	0	0	0	0	0	0	0	0
Msmithii	medium	8	4	17451	18166	39412	17342	7509	18471	17685	8041	17322	40044	17829	17310	14	1
Msmithii	medium	8	6	23367	22954	51302	23398	10259	24629	22751	10321	22298	51404	24560	22111	11	3
Msmithii	short	9	0	0	0	0	0	0	0	0	0	0	0	0	0	0	0
Tforsythia	medium	8	2	458	337	452	484	468	571	369	423	395	427	612	352	2	0
Tforsythia	medium	3	0	0	0	0	0	0	0	0	0	0	0	0	0	0	0
Msmithii	medium	9	1	0	0	0	0	0	0	0	0	0	0	0	0	0	0
Adentalis	medium	4	3	6056	6399	2975	5954	19212	6999	6903	19240	6227	3194	6306	6102	41	3
Adentalis	short	2	6	15006	15743	6443	14728	47725	16229	15502	47891	15097	7060	15717	14915	46	3
Msmithii	short	9	2	0	0	0	0	0	0	0	0	0	0	0	0	0	0
Adentalis	medium	4	2	0	0	0	0	0	32	35	0	0	0	0	0	0	0
Adentalis	long	4	2	870	750	428	836	2334	1152	1195	2241	796	370	885	780	6	2
Adentalis	short	5	1	0	0	0	0	0	0	0	0	0	0	0	0	0	0
Tforsythia	medium	4	0	0	0	0	0	0	0	0	0	0	0	0	0	0	0
Tforsythia	long	1	0	0	0	0	0	0	0	0	0	0	0	0	0	0	0
Tforsythia	long	8	1	0	0	0	0	0	0	0	0	0	0	0	0	0	0
Msmithii	medium	3	7	19154	20843	45201	19317	8812	20311	20453	8965	20136	45475	20346	19851	9	4
Tforsythia	short	8	2	0	6	2	1	0	9	10	0	1	1	16	1	0	0
Tforsythia	short	8	4	4184	3588	5610	4291	3557	4432	3987	3263	3947	5167	4807	3990	11	7
Tforsythia	long	0	0	0	0	0	0	0	0	0	0	0	0	0	0	0	0
Msmithii	medium	8	1	0	0	0	0	0	0	0	0	0	0	0	0	0	0
Msmithii	short	9	1	0	0	0	0	0	0	0	0	0	0	0	0	0	0
Tforsythia	long	9	3	4972	5162	5764	5045	5360	4974	5760	4947	5173	5435	5185	5105	11	8
Tforsythia	medium	5	1	0	0	0	0	0	0	0	0	0	0	0	0	0	0
Msmithii	medium	1	0	0	0	0	0	0	0	0	0	0	0	0	0	0	0
Msmithii	medium	1	1	0	0	0	0	0	0	0	0	0	0	0	0	0	0
Tforsythia	long	7	0	0	0	0	0	0	0	0	0	0	0	0	0	0	0
Msmithii	short	7	0	0	0	0	0	0	0	0	0	0	0	0	0	0	0
Adentalis	short	6	0	0	0	0	0	0	0	0	0	0	0	0	0	0	0
Msmithii	short	7	1	0	0	0	0	0	0	0	0	0	0	0	0	0	0
Adentalis	long	6	2	475	454	305	472	1508	765	804	1505	514	298	458	516	7	0
Adentalis	short	3	3	1730	1827	984	1720	5516	1980	2154	5454	1721	936	1815	1682	20	1
Adentalis	long	4	0	0	0	0	0	0	0	0	0	0	0	0	0	0	0
Msmithii	medium	8	7	23310	24484	53855	23481	10501	25073	24043	10671	23773	54107	25043	23463	11	6
Msmithii	medium	5	7	26184	27293	59372	26153	11735	26899	26915	11678	25888	59754	26942	25395	11	5
Msmithii	medium	9	3	2466	3023	6090	2377	1049	2675	3017	1149	2793	6274	2416	2750	11	1
Tforsythia	medium	8	7	11600	11352	14114	11472	10379	11881	11837	9688	11479	13843	12422	11246	13	7
Tforsythia	short	0	3	611	539	616	616	563	688	581	522	513	565	734	519	7	1
Msmithii	short	9	6	20815	22169	47620	21052	9442	21964	21639	9860	20491	47949	21788	20296	10	0
Adentalis	short	2	7	13706	13967	6202	13352	44553	14248	14308	44116	13863	6310	14256	13646	45	1
Adentalis	long	6	3	11675	12209	5952	11519	37773	12974	13028	37667	11799	5977	12216	11811	48	4
Tforsythia	long	1	6	17237	17086	20521	17417	16218	17962	17789	16040	16601	19697	18364	17079	12	7
Tforsythia	short	8	5	4565	3963	6062	4778	3850	4742	4217	3605	4159	5615	5198	4155	10	4
Adentalis	long	4	3	10904	10971	5427	10582	32857	11335	11797	32496	10516	5471	10864	10410	46	4
Tforsythia	medium	0	5	30824	30741	35031	31319	27153	31667	29994	28002	29699	35288	31251	29653	15	11
Msmithii	medium	1	4	25307	26383	57451	25374	11198	27272	25732	11950	25241	58070	26537	25259	15	1
Msmithii	short	5	0	0	0	0	0	0	0	0	0	0	0	0	0	0	0
Adentalis	short	2	5	12080	11702	5796	11693	39467	12149	12550	38508	12107	5448	12634	11854	47	0
Adentalis	short	1	5	10166	9771	4940	9669	33142	10112	10802	31828	10310	4491	10837	9911	42	0
Adentalis	medium	6	6	34268	34112	16083	34053	107191	35348	35468	105599	35343	15076	36611	34947	47	0
Adentalis	short	3	0	0	0	0	0	0	0	0	0	0	0	0	0	0	0
Adentalis	long	3	2	381	364	162	332	1117	686	762	1055	387	183	361	340	8	0
Msmithii	short	8	3	708	812	1548	672	322	810	835	328	760	1621	760	719	9	1
Msmithii	short	6	4	8794	9620	20057	9023	3753	9290	9091	4226	8508	20491	9043	8418	10	1
Adentalis	medium	6	3	5277	5269	2810	5202	17199	6169	6156	16892	5469	2653	5781	5395	39	3
Adentalis	medium	3	4	12882	13058	6357	12628	41283	13237	13545	41130	12706	6301	12990	12771	53	1
Adentalis	long	4	7	36117	36366	17676	35460	110158	37249	37582	108657	37534	17197	37988	37172	47	0
Adentalis	medium	9	7	35353	36918	15474	35171	108558	38327	35815	110057	36038	16816	36482	36331	49	5
Adentalis	short	4	5	11593	11256	5492	11236	37650	11783	12019	36795	11661	5178	12217	11419	45	1
Adentalis	medium	2	4	12153	12739	6167	12073	39312	13010	12993	39384	12371	6173	12633	12506	44	1
Adentalis	short	4	6	15361	16153	6533	15057	49302	16563	15898	49448	15557	7200	16035	15309	49	3
Msmithii	medium	0	7	20623	22145	48475	20762	9421	22042	21744	9508	21552	48747	22098	21199	10	6
Adentalis	medium	5	6	33831	34539	16122	33072	106198	34886	35358	104843	35256	16160	35328	34600	49	2
Adentalis	medium	9	6	32120	32520	14693	31737	101135	33949	32867	100729	33010	14838	33812	32861	44	3
Msmithii	short	8	0	0	0	0	0	0	0	0	0	0	0	0	0	0	0
Msmithii	short	3	1	0	0	0	0	0	0	0	0	0	0	0	0	0	0
Adentalis	short	9	2	0	0	0	0	0	0	0	0	0	0	0	0	0	0
Adentalis	short	7	1	0	0	0	0	0	0	0	0	0	0	0	0	0	0
Msmithii	short	3	0	0	0	0	0	0	0	0	0	0	0	0	0	0	0
Adentalis	long	2	6	43882	45760	21193	43286	136414	45758	46728	135072	45649	20933	46404	45172	50	1
Adentalis	long	3	4	28188	29921	13883	27932	91998	29796	30625	90559	29870	13650	30774	28887	56	1
Adentalis	long	2	1	0	0	0	0	0	0	0	0	0	0	0	0	0	0
Msmithii	short	8	2	0	0	0	0	0	0	0	0	0	0	0	0	0	0
Adentalis	long	2	0	0	0	0	0	0	0	0	0	0	0	0	0	0	0
Adentalis	short	7	2	0	0	0	0	0	0	0	0	0	0	0	0	0	0
Adentalis	medium	2	1	0	0	0	0	0	0	0	0	0	0	0	0	0	0
Adentalis	medium	8	2	54	79	24	62	261	85	92	261	54	18	67	54	1	0
Adentalis	medium	8	0	0	0	0	0	0	0	0	0	0	0	0	0	0	0
Adentalis	short	9	3	1147	1262	716	1191	3866	1469	1536	3853	1196	668	1258	1175	17	0
Msmithii	medium	0	3	4278	4825	9978	4081	1938	4610	4711	1982	4602	10217	4365	4464	13	0
Msmithii	short	6	7	23613	24976	53865	24712	10106	24788	24611	11515	22479	53157	24489	23439	11	1
Adentalis	medium	2	3	4877	4803	2272	4772	15302	5550	5458	15138	4761	2260	5070	4688	33	3
Msmithii	short	6	6	23642	24996	53916	24739	10113	24805	24626	11520	22497	53215	24500	23451	11	3
Msmithii	short	8	7	22492	23483	50980	23556	9506	23376	23085	10856	21005	50305	23113	21914	10	2
Adentalis	short	3	5	14344	14260	6951	14092	45738	14303	14815	45140	14054	6750	14582	13864	47	1
Adentalis	medium	0	3	9075	9391	4754	9019	30009	9726	9492	30019	9187	4811	9511	9189	52	6
Adentalis	short	9	4	10661	9981	4726	10236	33351	10587	10828	32341	10265	4479	11036	9892	49	4
Adentalis	long	3	5	41790	44299	18985	41029	129613	43992	43970	129565	43238	20195	43134	42747	47	4
Adentalis	long	2	5	40947	42555	18723	40514	127107	43434	42890	126626	42141	18919	43313	41910	48	2
Adentalis	long	5	6	42633	44577	20687	42199	133696	44357	45173	132795	44017	20649	44686	43594	50	1
Tforsythia	long	0	6	29032	27954	32167	29465	26295	29950	27658	26658	27789	32077	29922	27761	14	11
Adentalis	long	6	4	29444	30614	14036	29240	92987	30272	30996	91933	30752	14107	30957	29790	51	2
Msmithii	short	8	1	0	0	0	0	0	0	0	0	0	0	0	0	0	0
Adentalis	short	4	4	10962	10942	5641	10727	36610	11328	11467	36275	10965	5520	11308	10960	51	0
Adentalis	long	8	1	0	0	0	0	0	0	1	0	0	0	0	0	0	0
Adentalis	short	5	6	15942	16795	6894	15656	51060	17125	16525	51236	16099	7553	16614	15841	48	3
Adentalis	medium	7	7	36445	37775	16307	36263	112391	38585	37518	112746	37378	16839	37896	37394	48	2
Adentalis	medium	6	1	0	0	0	0	0	0	0	0	0	0	0	0	0	0
Tforsythia	long	9	5	27357	27097	29548	26933	25482	28102	26604	25458	25935	30547	27624	25335	13	14
Adentalis	medium	5	0	0	0	0	0	0	0	0	0	0	0	0	0	0	0
Adentalis	medium	6	0	0	0	0	0	0	0	0	0	0	0	0	0	0	0
Adentalis	short	4	1	0	0	0	0	0	0	0	0	0	0	0	0	0	0
Adentalis	long	6	1	0	0	0	0	0	0	0	0	0	0	0	0	0	0
Adentalis	long	4	1	0	0	0	0	0	2	0	0	0	0	0	0	0	0
Tforsythia	long	9	2	339	318	296	281	333	541	470	380	265	356	273	305	1	1
Msmithii	short	9	4	6776	6882	14470	7003	2691	6830	6423	3160	5856	14808	6573	5829	9	0
Adentalis	long	4	4	32527	33620	16230	31946	102895	32785	34975	100319	33597	15704	34579	32177	48	4
Tforsythia	long	0	5	36324	36107	42760	37005	33353	37144	36505	33467	36239	41876	37756	36663	21	19
Msmithii	short	6	3	800	908	1640	725	349	903	901	376	826	1787	791	784	9	1
Adentalis	medium	6	7	34919	34453	15876	34700	106059	35716	35859	104503	36034	14811	36952	35736	46	2
Adentalis	long	4	6	44445	45781	21958	43603	138741	45746	47257	136618	45824	21426	46909	45084	50	1
Msmithii	short	8	4	7461	7821	16002	7617	3069	7675	7375	3524	6874	16428	7355	6826	10	0
Msmithii	short	6	2	0	0	0	0	0	0	0	0	0	0	0	0	0	0
Adentalis	medium	2	5	25686	26296	11440	24803	79956	26639	26909	78916	26282	11814	26660	25741	41	4
Adentalis	long	7	6	44469	45804	19948	43968	135065	46089	46391	134092	45819	19969	46419	45357	49	1
Adentalis	medium	5	1	0	0	0	0	0	0	0	0	0	0	0	0	0	0
Msmithii	medium	3	6	18832	19005	41573	18811	8485	19468	18864	8499	18342	41716	19455	18164	9	0
Adentalis	long	2	7	39794	40312	20275	39198	124371	40247	42350	121647	41256	18923	42255	40475	51	0
Adentalis	short	9	0	0	0	0	0	0	0	0	0	0	0	0	0	0	0
Adentalis	medium	0	5	25459	26585	11884	24819	81670	26676	27171	80883	26527	12044	26729	26157	44	1
Adentalis	short	3	7	11846	11500	5935	11435	39790	11870	12449	38573	12036	5519	12589	11630	45	0
Msmithii	short	7	5	23526	24925	53736	24608	10111	24784	24538	11506	22480	53074	24480	23403	11	0
Adentalis	long	8	5	40193	41809	18352	39736	124266	41904	42364	123246	41659	18376	42294	41082	45	3
Adentalis	long	5	1	0	0	0	0	0	2	1	0	0	0	0	0	0	0
Adentalis	short	9	1	0	0	0	0	0	0	0	0	0	0	0	0	0	0
Adentalis	short	4	3	1622	1756	994	1653	5318	1993	2061	5259	1730	941	1795	1706	17	0
Msmithii	short	6	1	0	0	0	0	0	0	0	0	0	0	0	0	0	0
Adentalis	short	8	1	0	0	0	0	0	0	0	0	0	0	0	0	0	0
Adentalis	long	2	4	27825	28173	13350	27043	86234	28072	29662	84007	29202	12875	29354	28234	48	3
Adentalis	medium	2	0	0	0	0	0	0	0	0	0	0	0	0	0	0	0
Msmithii	medium	4	2	4	0	3	5	1	21	16	0	2	1	3	1	1	0
Msmithii	short	6	5	23488	24877	53650	24577	10087	24723	24502	11489	22429	52970	24414	23369	11	0
Msmithii	short	9	7	23636	25008	53940	24730	10129	24844	24636	11531	22527	53247	24547	23471	11	1
Msmithii	short	3	3	727	823	1485	652	321	840	819	347	763	1629	736	732	8	3
Adentalis	medium	5	5	25789	26730	11794	25271	81816	26949	27173	81042	26660	11973	27106	26200	51	2
Msmithii	short	3	4	8949	9607	20210	9250	3756	9417	9048	4257	8471	20550	9216	8365	11	1
Adentalis	medium	0	0	0	0	0	0	0	0	0	0	0	0	0	0	0	0
Adentalis	medium	2	7	28203	28338	13828	27855	89660	28617	29399	88145	29383	13191	29666	28827	46	2
Msmithii	short	0	2	0	0	0	0	0	0	0	0	0	0	0	0	0	0
Adentalis	long	0	1	0	0	0	0	0	0	0	0	0	0	0	0	0	0
Msmithii	long	7	7	24951	26538	57299	24852	11748	25992	26229	11280	26500	57725	26359	25652	12	1
Msmithii	short	2	3	608	631	1069	559	227	553	620	262	483	1159	444	454	7	1
Msmithii	short	5	1	0	0	0	0	0	0	0	0	0	0	0	0	0	0
Adentalis	long	3	1	0	0	0	0	0	0	0	0	0	0	0	0	0	0
Adentalis	long	9	0	0	0	0	0	0	0	0	0	0	0	0	0	0	0
Tforsythia	short	7	5	5164	4427	6825	5340	4708	5254	5019	4220	4652	6084	5906	4740	11	5
Adentalis	long	2	3	11453	11611	5698	11113	35187	12441	12553	34975	11452	5722	11659	11564	52	3
Adentalis	medium	0	1	0	0	0	0	0	0	0	0	0	0	0	0	0	0
Tforsythia	short	1	0	0	0	0	0	0	0	0	0	0	0	0	0	0	0
Msmithii	short	3	2	0	0	0	0	0	0	0	0	0	0	0	0	0	0
Adentalis	medium	9	2	54	79	24	63	262	83	111	263	53	18	67	54	1	0
Msmithii	medium	0	0	0	0	0	0	0	0	0	0	0	0	0	0	0	0
Adentalis	medium	8	1	0	0	0	0	0	0	0	0	0	0	0	0	0	0
Msmithii	short	5	2	0	0	0	0	0	0	0	0	0	0	0	0	0	0
Tforsythia	long	0	4	28039	26832	34734	29214	27828	27144	30230	25203	26467	30264	30908	27192	15	5
Msmithii	long	5	3	9874	9765	20869	9204	4269	10316	9803	4120	9293	21541	9797	9093	13	5
Adentalis	long	3	6	44854	46541	20574	44411	137091	46378	47030	136074	46259	20658	46815	45627	48	1
Tforsythia	long	9	6	42734	42960	48518	43647	42141	43964	44617	40449	43328	46035	46470	43185	13	11
Adentalis	short	9	5	10096	9646	4891	9608	33049	9994	10625	31795	10198	4507	10643	9802	40	0
Tforsythia	long	1	7	25487	25456	30305	25707	23163	26238	25859	23137	25795	29791	26528	26177	18	3
Tforsythia	short	7	7	7662	6972	9449	7836	7342	7664	7522	7016	6988	8739	8149	7179	11	2
Msmithii	long	3	3	11930	11231	24804	11443	4987	12159	11181	4885	10723	25471	11715	10520	12	5
Msmithii	medium	3	1	0	0	0	0	0	0	0	0	0	0	0	0	0	0
Tforsythia	short	0	2	0	6	2	1	0	8	10	0	1	1	16	1	0	0
Adentalis	medium	1	2	115	142	63	124	529	191	207	533	132	50	146	139	2	0
Msmithii	medium	6	3	3590	4037	8081	3423	1639	3817	3994	1660	3813	8269	3579	3670	10	0
Msmithii	long	7	3	6825	7867	15818	6859	3067	7175	7699	3272	7128	16075	6964	7029	12	2
Msmithii	long	8	3	8794	9087	19606	8372	3918	9193	9179	3816	8787	20086	8844	8667	13	6
Msmithii	long	2	4	38314	38272	84034	38429	16569	40227	37749	17389	35183	84392	39493	35392	14	4
Tforsythia	medium	4	4	8308	7697	10237	8490	7244	8612	7838	7248	7782	10025	8672	7849	15	8
Tforsythia	medium	3	4	9317	9146	9686	9088	8562	9849	8348	9432	8092	10806	8656	8017	14	9
Tforsythia	medium	5	3	1745	1789	2314	1737	1759	1902	2245	1762	1572	2008	1722	1830	8	9
Tforsythia	short	4	4	4354	3703	6328	4510	4748	4507	4562	3780	4295	5364	5610	4128	9	6
Tforsythia	long	4	6	39454	39537	45733	40651	34708	40092	39449	35330	37600	44759	40700	38035	16	15
Tforsythia	long	6	6	35235	37253	41607	36055	33617	35971	37983	33431	36355	40117	36977	36857	18	12
Tforsythia	short	7	4	4559	3967	6174	4488	4091	4625	4657	3595	4215	5633	5008	4346	11	7
Adentalis	short	9	6	13740	14461	5907	13383	44229	14740	14387	44122	13933	6446	14422	13598	46	3
Tforsythia	short	4	5	4822	4494	6002	4912	4190	5090	4424	4164	4488	6018	5187	4373	10	6
Adentalis	medium	0	4	22902	23594	10579	22371	74133	23588	24070	73088	23543	10717	24030	22804	50	2
Msmithii	medium	6	0	0	0	0	0	0	0	0	0	0	0	0	0	0	0
Tforsythia	short	1	1	0	0	0	0	0	0	0	0	0	0	0	0	0	0
Msmithii	medium	6	7	27229	29355	63472	28585	11548	29136	29005	12898	27318	62530	29110	28255	13	1
Tforsythia	medium	5	4	10166	9983	11790	10030	8649	10617	9539	9018	9788	12557	9973	9589	15	12
Adentalis	medium	0	6	35418	35645	16008	34677	108832	36318	36280	107893	36222	16221	36404	35774	49	3
Msmithii	long	1	5	22712	22444	49791	22731	10037	24064	22276	10174	21545	49867	23922	21467	11	0
Tforsythia	short	7	1	0	0	0	0	0	0	0	0	0	0	0	0	0	0
Adentalis	short	8	0	0	0	0	0	0	0	0	0	0	0	0	0	0	0
Msmithii	long	2	3	9970	9448	20440	9419	4085	9988	9412	4019	8816	21111	9458	8666	11	5
Msmithii	long	0	4	26016	27084	59200	26027	11758	27546	26707	11908	26258	59583	27400	25949	13	4
Tforsythia	short	1	3	420	459	453	408	428	565	630	396	364	400	444	396	4	3
Msmithii	long	9	7	26940	28044	61076	26886	12540	28431	27745	12113	27840	61317	28784	27069	14	0
Tforsythia	medium	2	3	4922	5189	5154	5037	4969	5308	5188	5408	4439	5217	4817	4679	11	16
Adentalis	medium	0	7	41919	42939	17464	41841	125839	44322	41954	127181	42486	18617	42797	42727	48	3
Tforsythia	short	0	0	0	0	0	0	0	0	0	0	0	0	0	0	0	0
Tforsythia	short	0	1	0	0	0	0	0	0	0	0	0	0	0	0	0	0
Adentalis	medium	1	1	0	0	0	0	0	0	0	0	0	0	0	0	0	0
Tforsythia	medium	3	2	389	273	341	392	320	472	295	304	285	340	477	269	2	0
Adentalis	medium	1	0	0	0	0	0	0	0	0	0	0	0	0	0	0	0
Msmithii	long	6	2	376	475	937	354	194	513	569	195	459	984	396	436	7	1
Msmithii	medium	6	2	4	0	2	4	1	14	19	0	1	1	3	1	1	0
Msmithii	long	9	3	8348	8870	18580	7904	3518	8558	8802	3589	8420	19246	8006	8312	13	6
Msmithii	medium	6	5	17771	17709	39110	17621	7951	18333	17459	7780	17151	39457	18361	16687	10	0
Msmithii	long	9	6	29749	30434	66210	29752	13666	30846	30205	13198	29576	66338	31288	28822	14	0
Msmithii	long	4	6	26881	27941	60820	26819	12503	28272	27636	12071	27757	61086	28624	26975	12	0
Tforsythia	medium	3	3	2985	3099	3432	2954	2976	3525	3348	2995	2980	3453	3256	3058	10	7
Tforsythia	long	9	7	23372	23291	29124	23266	25163	23626	26423	22541	24447	26158	26207	24962	12	14
Tforsythia	short	0	4	4923	4396	6688	4976	4032	5115	4707	3794	4636	6364	5388	4684	12	6
Tforsythia	medium	2	4	6437	6278	6407	6246	5474	7091	5312	6304	5614	7705	5983	5317	14	10
Msmithii	long	7	4	23895	24490	52271	22947	10521	24983	24136	10250	23457	53657	24285	22745	10	3
Msmithii	medium	6	1	0	0	0	0	0	0	0	0	0	0	0	0	0	0
Msmithii	long	5	7	24561	26582	56990	24612	10946	26977	25997	11498	24918	57460	26430	24831	14	0
Msmithii	long	4	2	317	375	763	294	162	456	485	169	380	803	339	374	7	1
Tforsythia	long	5	2	568	570	589	544	540	704	858	522	471	534	488	524	3	3
Adentalis	medium	1	3	6037	6217	2826	6002	18886	7240	6512	19484	5742	3146	5971	6010	41	6
Tforsythia	short	0	5	4209	3597	5606	4337	3465	4423	3827	3227	3848	5278	4772	3823	11	4
Tforsythia	medium	5	7	32648	32280	38564	33207	30425	33492	32915	30208	32295	37515	34164	32598	15	9
Msmithii	long	8	5	28011	28839	62478	27805	13176	29168	28633	12505	29240	62802	29583	28338	12	1
Tforsythia	short	0	6	8598	7983	10296	8742	8229	8487	8560	7888	7781	9585	8986	7992	13	4
Adentalis	short	8	2	0	0	0	0	0	0	0	0	0	0	0	0	0	0
Msmithii	long	3	2	306	355	730	292	160	472	460	162	367	775	366	364	5	1
Msmithii	long	1	2	354	448	882	333	181	477	559	184	428	918	366	407	7	1
Msmithii	long	0	6	23483	24458	52786	23357	11059	24344	24189	10482	24477	53125	24797	23575	14	0
Tforsythia	short	7	3	593	524	699	655	580	797	670	511	602	626	795	547	4	1
Msmithii	long	3	4	18143	18918	41589	18062	7840	18620	18387	7846	18172	42251	18574	17592	12	7
Msmithii	long	3	6	26160	26845	58469	26100	12134	27445	26534	11673	26693	58733	27833	25884	15	0
Tforsythia	long	5	5	32936	32567	36195	33405	30994	31764	33864	29559	30247	34576	33750	30096	14	10
Tforsythia	medium	3	6	33651	33226	38162	33870	30640	34395	32479	31531	32359	38723	33659	32401	10	12
Tforsythia	medium	4	6	23345	23676	27309	23406	21563	24037	23420	21882	22528	27517	23784	22537	13	12
Tforsythia	medium	9	4	12311	12545	13008	11841	11021	12767	11526	11853	11608	14699	11306	11281	14	11
Tforsythia	medium	3	5	20550	19936	23722	20986	18214	20719	19373	18733	19138	23889	20610	19014	13	10
Tforsythia	short	1	5	3758	3144	4961	3856	2787	4023	3188	2713	3414	4858	4183	3361	8	3
Msmithii	medium	6	6	23479	24357	53667	23525	10612	24804	24070	10594	23673	53853	24866	23323	13	4
Adentalis	short	8	3	1896	2064	948	2021	6164	2445	2170	6403	1938	988	2037	2022	20	0
Msmithii	long	0	2	367	471	924	342	193	413	488	194	452	968	388	436	6	1
Msmithii	long	9	2	303	367	740	282	157	441	458	164	369	776	331	362	5	1
Msmithii	long	1	4	21046	22157	47517	21016	9240	21787	21828	9476	20141	47871	21528	20004	10	3
Tforsythia	medium	8	4	7798	7779	8821	7793	6589	7989	7319	7091	7218	9446	7464	7113	14	12
Tforsythia	medium	3	7	32911	33037	39305	33610	32280	33424	34467	31272	33168	37228	35117	33496	11	7
Tforsythia	short	5	0	0	0	0	0	0	0	0	0	0	0	0	0	0	0
Tforsythia	medium	6	1	0	0	0	0	0	0	0	0	0	0	0	0	0	0
Tforsythia	medium	4	1	0	0	0	0	0	0	0	0	0	0	0	0	0	0
Msmithii	medium	9	6	18747	19236	42022	18729	8207	20171	18967	8549	18170	42300	19803	18172	10	5
Tforsythia	short	6	5	4205	3585	5592	4331	3460	4419	3819	3222	3834	5266	4769	3810	9	5
Msmithii	short	4	0	0	0	0	0	0	0	0	0	0	0	0	0	0	0
Tforsythia	long	5	1	0	0	0	0	0	0	0	0	0	0	0	0	0	0
Msmithii	short	4	2	0	0	0	0	0	0	0	0	0	0	0	0	0	0
Tforsythia	long	2	1	0	0	0	0	0	0	0	0	0	0	0	0	0	0
Adentalis	long	8	2	2	2	0	0	3	245	294	1	0	0	0	1	0	0
Tforsythia	short	4	7	5580	5497	7505	5698	4840	5757	5866	4630	5672	7058	6065	5798	8	3
Tforsythia	medium	0	2	375	269	345	387	325	451	258	314	281	343	477	265	1	0
Adentalis	short	8	4	8267	8144	4172	8001	27560	8268	8774	26976	8153	3946	8412	8010	52	1
Msmithii	long	7	6	27143	28215	61241	27057	12632	28674	27894	12170	28024	61566	29019	27186	12	0
Tforsythia	short	5	4	5153	4568	6581	5141	4012	5451	4725	3914	4788	6513	5468	4797	11	5
Tforsythia	long	5	3	8592	7938	9733	8545	8072	9424	8106	8422	7555	9902	8754	7832	14	8
Tforsythia	long	8	7	20671	20194	21913	20479	19614	20245	20886	18772	19300	21468	21024	19142	15	9
Adentalis	short	4	7	13845	13966	6366	13337	45446	14234	14545	44568	14138	6400	14532	13699	44	2
Tforsythia	long	2	0	0	0	0	0	0	0	0	0	0	0	0	0	0	0
Tforsythia	long	5	0	0	0	0	0	0	0	0	0	0	0	0	0	0	0
Adentalis	short	1	1	0	0	0	0	0	0	0	0	0	0	0	0	0	0
Tforsythia	short	8	1	0	0	0	0	0	0	0	0	0	0	0	0	0	0
Tforsythia	medium	7	2	37	22	52	32	25	62	68	19	14	48	43	18	1	0
Tforsythia	medium	7	3	3899	4172	3738	3691	3634	4430	3956	4222	3497	4420	3384	3703	6	12
Tforsythia	short	9	5	4585	4058	6272	4737	3722	4819	4274	3568	4279	5929	5110	4333	9	6
Tforsythia	short	5	5	4728	4213	6186	4822	3757	5063	4361	3681	4508	5980	5216	4568	9	3
Msmithii	medium	9	7	23707	25124	54522	23773	10551	25616	24634	11008	23928	54986	25186	23814	11	6
Tforsythia	short	6	6	7652	6977	9445	7817	7332	7652	7535	7006	6970	8737	8139	7176	12	3
Adentalis	long	8	0	0	0	0	0	0	0	0	0	0	0	0	0	0	0
Tforsythia	short	5	1	0	0	0	0	0	0	0	0	0	0	0	0	0	0
Tforsythia	short	5	7	8922	8617	10918	9032	8223	8940	9015	8043	8528	10426	9232	8711	10	2
Adentalis	medium	9	4	13384	13207	6393	12978	43079	13653	14159	42033	13456	6127	14019	13100	45	3
Msmithii	short	4	3	1275	1128	2424	1101	475	1441	1196	463	1077	2624	1252	1067	11	1
Tforsythia	medium	6	5	31026	30539	34231	30863	28301	30397	30735	28460	28996	34125	30023	29236	16	15
Tforsythia	long	3	6	31685	30725	36585	31967	30098	32938	31650	29368	31716	35422	33956	31878	16	4
Tforsythia	long	2	5	36121	36634	42493	36262	35192	36723	38237	33651	36870	40871	38344	36763	18	14
Msmithii	medium	2	0	0	0	0	0	0	0	0	0	0	0	0	0	0	0
Tforsythia	long	2	6	25307	24147	30252	25913	23855	26357	24645	23645	24635	29125	27145	24902	10	13
Msmithii	short	4	7	22607	23562	50902	23712	9587	23653	23282	10987	21077	50114	23381	22104	11	2
Tforsythia	long	5	4	16451	16574	20328	17005	17465	15795	18738	16207	16255	17745	17551	17099	12	8
Tforsythia	long	4	1	51	52	61	53	55	35	77	44	30	34	46	45	1	0
Adentalis	short	1	3	1492	1636	834	1525	5043	1724	1900	4976	1535	799	1554	1495	21	0
Tforsythia	short	3	7	7148	6445	8703	7316	6494	7138	6718	6326	6385	8275	7465	6459	11	3
Adentalis	medium	7	1	0	0	0	0	0	0	0	0	0	0	0	0	0	0
Tforsythia	long	3	1	0	0	0	0	0	0	0	0	0	0	0	0	0	0
Adentalis	short	0	1	0	0	0	0	0	0	0	0	0	0	0	0	0	0
Tforsythia	medium	1	2	375	268	345	387	324	471	284	314	282	343	476	265	1	0
Adentalis	short	0	2	0	0	0	0	0	0	0	0	0	0	0	0	0	0
Tforsythia	long	8	0	0	0	0	0	0	0	0	0	0	0	0	0	0	0
Tforsythia	short	2	2	0	0	0	0	0	0	2	0	0	0	2	0	0	0
Msmithii	medium	2	2	4	0	3	4	1	13	10	0	1	1	3	1	1	0
Msmithii	short	4	5	20186	20592	44858	21140	8351	20996	20189	9613	18265	44332	20691	19066	11	0
Msmithii	short	7	6	24597	25229	52972	23938	11197	24820	24530	10611	23750	54365	24757	22381	10	1
Tforsythia	short	3	4	5198	4642	7649	5299	6283	5208	6153	4936	5296	6098	6630	5394	12	8
Tforsythia	long	2	3	6242	6288	6245	6032	6399	6795	6118	6674	6081	6921	6100	5936	15	8
Tforsythia	short	5	6	8933	8630	10928	9026	8241	8953	9045	8052	8524	10437	9247	8718	11	3
Tforsythia	long	2	4	30899	30545	36845	31491	28555	31524	31576	28228	30627	35306	32312	31235	21	9
Tforsythia	short	9	7	7327	6588	8858	7508	6644	7298	6864	6473	6515	8409	7655	6586	10	4
Tforsythia	medium	4	3	2586	2638	3059	2547	2572	3064	2972	2749	2419	2896	2686	2739	11	10
Tforsythia	short	9	4	2757	2138	3832	2823	2338	3074	2544	2070	2500	3430	3369	2584	13	2
Tforsythia	medium	7	5	23880	24059	27744	24723	21267	24179	23704	21841	22626	27320	24424	22757	12	10
Adentalis	long	8	6	43130	44575	20402	42394	134101	44605	45706	132279	44798	20101	45536	44019	49	1
Adentalis	short	0	0	0	0	0	0	0	0	0	0	0	0	0	0	0	0
Tforsythia	short	5	2	0	0	1	0	0	1	4	0	0	0	3	1	0	0
Tforsythia	long	2	2	436	301	409	418	400	816	552	367	376	470	589	338	8	2
Msmithii	medium	7	0	0	0	0	0	0	0	0	0	0	0	0	0	0	0
Tforsythia	long	3	5	25913	26619	28942	26368	23809	26776	25844	24694	24890	29434	26226	24846	11	14
Tforsythia	short	3	2	0	0	0	0	0	1	2	0	0	0	2	1	0	0
Adentalis	medium	3	2	55	79	24	63	263	122	128	261	59	18	69	54	1	0
Msmithii	short	4	4	9220	10121	21296	9447	3953	9665	9535	4417	9057	21761	9411	8914	9	1
Tforsythia	long	8	2	451	338	412	440	406	682	606	392	315	363	507	355	4	2
Adentalis	short	1	4	8748	8710	4389	8599	30308	9274	9080	30058	8850	4332	9237	8783	48	0
Tforsythia	medium	4	5	26445	26749	30668	26981	23673	26679	26135	24288	25522	30764	26588	25405	17	9
Adentalis	short	1	0	0	0	0	0	0	0	0	0	0	0	0	0	0	0
Adentalis	medium	7	0	0	0	0	0	0	0	0	0	0	0	0	0	0	0
Msmithii	medium	2	3	3598	4095	8592	3442	1589	3977	4073	1663	3900	8862	3664	3837	12	0
Tforsythia	short	3	5	4774	4221	6207	4831	3791	5125	4365	3693	4548	6035	5262	4580	11	3
Tforsythia	long	5	6	18507	18318	23099	18914	16560	18799	18851	16294	18535	22291	19563	18794	11	7
Tforsythia	long	6	4	17741	16570	22073	18655	17348	17815	18257	16104	16895	19508	19960	17142	18	7
Adentalis	long	5	4	27517	27991	13841	27056	90346	27693	29890	87674	28714	12716	29713	27649	51	3
Adentalis	long	8	7	42529	42684	21567	41833	132946	42779	45033	129732	44108	20015	45187	43136	48	0
Adentalis	short	6	3	1411	1541	803	1436	4762	1676	1809	4722	1505	778	1515	1453	18	1
Tforsythia	long	8	3	4196	4280	3952	3971	4363	4722	3984	4768	3971	4794	3864	3817	10	9
Tforsythia	long	8	5	32241	32451	35709	31827	30919	32346	32579	30212	31854	36117	32565	31180	16	9
Tforsythia	long	6	7	38057	39427	42735	37912	36061	39062	40234	35034	38743	42029	40067	38464	20	9
Msmithii	medium	2	1	0	0	0	0	0	0	0	0	0	0	0	0	0	0
Msmithii	long	0	3	11576	11555	24731	10985	4872	11712	11407	4858	10956	25576	11179	10749	12	5
Msmithii	long	2	2	182	220	509	158	105	334	326	102	262	524	230	260	4	1
Msmithii	short	3	5	20712	21032	45824	21721	8536	21487	20568	9833	18660	45300	21193	19435	12	0
Tforsythia	long	7	3	3365	3124	3973	3308	3001	3915	3305	3002	3201	4135	3623	3137	9	7
Adentalis	long	0	0	0	0	0	0	0	0	0	0	0	0	0	0	0	0
Msmithii	long	5	2	394	524	1017	367	208	578	609	205	481	1006	437	469	7	1
Tforsythia	long	7	2	312	293	303	251	280	588	458	344	268	400	274	286	4	2
Msmithii	long	6	3	7231	7636	16398	6915	3070	7404	7560	2984	7415	16954	7133	7195	13	4
Adentalis	medium	2	6	27723	27666	13395	27417	86024	28677	28592	84905	28843	12873	29365	28551	45	2
Msmithii	long	8	6	26161	26845	58483	26108	12136	27454	26541	11673	26700	58744	27837	25886	15	0
Msmithii	short	5	3	1270	1184	2323	1073	519	1371	1232	491	1113	2539	1186	1074	9	2
Msmithii	long	2	1	0	0	0	0	0	0	0	0	0	0	0	0	0	0
Msmithii	long	7	2	256	304	668	244	135	396	420	137	321	703	306	312	4	1
Msmithii	long	1	1	1	0	0	0	0	2	0	0	0	0	0	0	0	0
Msmithii	long	0	1	1	0	0	0	0	1	0	0	0	0	0	0	0	0
Msmithii	long	8	2	192	225	492	181	100	286	334	99	241	511	202	224	4	0
Msmithii	short	3	7	23624	24974	53875	24724	10107	24788	24613	11517	22480	53170	24491	23443	13	1
Msmithii	short	3	6	23582	24949	53836	24693	10101	24771	24597	11510	22471	53116	24483	23438	12	0
Msmithii	short	5	5	20222	20665	44990	21184	8368	21034	20260	9634	18329	44458	20726	19134	11	0
Tforsythia	long	3	3	2926	2970	2692	2782	2887	3371	2797	3231	2622	3350	2631	2556	8	7
Adentalis	medium	8	3	5190	5168	2604	5135	16534	6005	5927	16440	5192	2496	5388	5230	47	6
Tforsythia	medium	5	6	20844	20229	24241	20985	18272	21011	20294	18456	19552	24116	20917	19697	16	12
Msmithii	short	5	6	17641	17993	39027	17743	7791	18339	17468	8075	16433	39481	18160	16130	12	2
Msmithii	long	8	7	27139	28249	61482	27099	12618	28724	27927	12179	27985	61744	29086	27179	15	0
Tforsythia	medium	5	5	19233	18944	22239	19088	17128	19266	18930	17239	18017	22423	18971	18017	14	10
Adentalis	medium	8	5	25684	25840	11258	25223	80792	26597	26525	79904	26639	11152	26858	26339	47	2
Tforsythia	long	7	6	40105	39708	44734	40357	37002	41234	39235	37125	39402	45085	41303	38935	12	15
Msmithii	long	8	0	0	0	0	0	0	0	0	0	0	0	0	0	0	0
Msmithii	long	4	1	0	0	0	0	0	0	0	0	0	0	0	0	0	0
Msmithii	long	7	1	1	0	0	0	0	1	0	0	0	0	0	0	0	0
Msmithii	short	5	7	23615	24967	53867	24716	10106	24783	24613	11516	22477	53155	24483	23445	11	2
Adentalis	medium	8	4	12041	12681	5276	11728	38588	12622	12779	38528	12228	5689	12153	12039	48	3
Adentalis	long	1	1	0	0	0	0	0	3	0	0	0	0	0	0	0	0
Tforsythia	short	4	3	427	296	374	403	368	647	424	329	358	409	538	308	4	1
Tforsythia	medium	2	2	375	265	345	386	325	479	287	314	282	342	476	264	1	0
Msmithii	long	3	1	1	0	0	0	0	4	1	0	0	0	0	0	0	0
Msmithii	long	8	1	1	0	0	0	0	3	0	0	0	0	0	0	0	0
Tforsythia	short	9	2	0	1	1	0	0	1	2	0	0	0	3	1	0	0
Msmithii	short	9	5	23610	25033	53961	24692	10142	24838	24629	11527	22557	53309	24544	23455	13	1
Tforsythia	long	3	4	18238	17949	22558	18661	17095	18227	18989	16596	17437	21191	19105	17867	11	11
Msmithii	long	6	0	0	0	0	0	0	0	0	0	0	0	0	0	0	0
Msmithii	medium	1	5	20741	20318	45475	20662	9167	21535	19987	8989	19829	45772	21622	19290	11	1
Adentalis	long	0	6	44226	45739	21630	43377	138703	45556	47176	136394	46005	21152	46852	45037	48	2
Msmithii	medium	1	3	3061	3791	7672	2976	1444	3311	3804	1440	3517	7777	3156	3391	11	1
Tforsythia	medium	2	5	21246	21370	25870	21351	18290	21961	21357	18216	21348	25873	22046	21188	14	12
Msmithii	long	6	1	0	0	0	0	0	0	0	0	0	0	0	0	0	0
Tforsythia	medium	9	2	375	265	345	386	325	477	275	314	281	342	472	264	1	0
Msmithii	medium	5	6	25934	25653	56803	26040	11334	26529	25422	11423	24242	56850	26534	24045	12	5
Tforsythia	short	8	7	3808	3326	5296	3985	3097	3963	3576	2906	3524	4914	4305	3548	7	1
Adentalis	long	1	7	36926	36807	18557	36060	114994	36622	39417	111071	38747	16923	39601	37326	44	1
Tforsythia	short	7	0	0	0	0	0	0	0	0	0	0	0	0	0	0	0
Tforsythia	medium	9	1	0	0	0	0	0	0	0	0	0	0	0	0	0	0
Msmithii	long	5	1	0	0	0	0	0	0	0	0	0	0	0	0	0	0
Adentalis	long	1	0	0	0	0	0	0	0	0	0	0	0	0	0	0	0
Tforsythia	short	9	3	755	794	1090	748	701	816	1074	620	755	946	753	827	6	2
Tforsythia	medium	9	3	3260	3110	3776	3354	3250	3565	3567	3245	2947	3490	3417	3099	15	7
Adentalis	long	0	4	30231	31594	15744	29998	99301	30624	32449	97385	31169	15260	32193	30001	47	1
Adentalis	long	1	3	8360	8547	3985	8364	27536	9280	9448	27160	8628	3792	8936	8503	48	2
Adentalis	long	0	5	37305	39115	17945	36642	115573	39014	39224	115263	37963	18575	38530	37691	47	5
Tforsythia	medium	6	0	0	0	0	0	0	0	0	0	0	0	0	0	0	0
Tforsythia	short	9	1	0	0	0	0	0	0	0	0	0	0	0	0	0	0
Msmithii	long	0	0	0	0	0	0	0	0	0	0	0	0	0	0	0	0
Msmithii	short	1	4	5875	6855	14351	5801	2848	6519	6755	2822	6378	14645	6441	6197	8	0
Msmithii	long	6	4	20400	21902	47020	20361	9182	21979	21652	9553	20735	47396	21555	20739	12	7
Msmithii	medium	0	4	27029	28368	62040	27313	11847	29309	27561	12813	26661	62571	28612	26754	16	1
Msmithii	medium	1	6	18232	19012	41854	18341	8136	19292	18686	8181	18448	42086	19356	18121	10	4
Tforsythia	medium	6	3	2592	2463	3302	2594	2681	2835	3192	2567	2409	2769	2785	2768	9	9
Tforsythia	medium	6	6	27849	26873	30315	27698	24589	28423	25856	25786	25582	31495	27026	25662	14	8
Tforsythia	medium	9	7	25148	25134	29256	25281	22406	25491	25008	22704	24092	29326	25255	24177	10	12
Msmithii	long	3	0	0	0	0	0	0	0	0	0	0	0	0	0	0	0
Msmithii	long	4	0	0	0	0	0	0	0	0	0	0	0	0	0	0	0
Adentalis	short	6	1	0	0	0	0	0	0	0	0	0	0	0	0	0	0
Adentalis	medium	6	2	119	137	77	122	511	219	161	511	171	79	163	171	3	0
Tforsythia	short	0	7	7150	6437	8704	7306	6497	7139	6726	6323	6378	8273	7470	6460	10	3
Msmithii	long	2	0	0	0	0	0	0	0	0	0	0	0	0	0	0	0
Msmithii	long	9	1	0	0	0	0	0	0	0	0	0	0	0	0	0	0
Tforsythia	medium	5	0	0	0	0	0	0	0	0	0	0	0	0	0	0	0
Tforsythia	short	1	2	0	0	1	0	0	1	1	0	0	0	3	1	0	0
Tforsythia	long	1	2	400	405	454	362	398	640	695	366	357	439	399	382	4	3
Adentalis	medium	5	3	5043	4977	2615	5000	15937	5951	5669	15876	5109	2501	5417	5222	37	5
Adentalis	long	6	5	34165	36042	16255	33594	105984	36023	36034	105829	35333	16958	35466	35064	46	2
Msmithii	long	6	5	23735	23552	51573	23678	10848	24796	23372	10400	23369	51722	25161	22685	11	1
Adentalis	medium	5	2	110	145	83	128	482	230	204	500	159	66	143	173	2	0
Tforsythia	short	1	4	4607	3978	6099	4649	3867	4851	4377	3562	4235	5713	5166	4273	12	4
Msmithii	medium	3	0	0	0	0	0	0	0	0	0	0	0	0	0	0	0
Msmithii	long	7	0	0	0	0	0	0	0	0	0	0	0	0	0	0	0
Tforsythia	medium	3	1	0	0	0	0	0	0	0	0	0	0	0	0	0	0
Msmithii	long	5	6	24568	26588	56996	24615	10949	26987	25996	11501	24922	57475	26434	24825	11	1
Msmithii	long	1	6	24575	26593	57003	24608	10943	26977	25993	11495	24928	57494	26416	24823	11	1
Adentalis	medium	5	4	12457	13270	5835	12333	39536	13287	13355	39695	12581	6148	12795	12534	50	5
Adentalis	medium	4	6	27691	27599	12256	26896	88096	28308	28588	86520	28422	12178	28961	27739	43	2
Tforsythia	long	8	4	9083	8883	12022	9190	8757	9503	9597	8200	9371	11360	10048	9505	14	9
Adentalis	medium	4	7	34064	34594	13897	33657	104251	36259	34458	104685	34706	14567	35257	34900	49	1
Tforsythia	medium	8	5	22742	23356	26411	22999	20012	23248	23412	20343	21701	26119	23082	21992	18	9
Adentalis	medium	4	5	25717	26686	11053	25494	83333	27357	26411	83428	26444	11674	26923	26131	46	3
Tforsythia	medium	8	1	0	0	0	0	0	0	0	0	0	0	0	0	0	0
Msmithii	long	5	0	0	0	0	0	0	0	0	0	0	0	0	0	0	0
Msmithii	long	9	0	0	0	0	0	0	0	0	0	0	0	0	0	0	0
Adentalis	short	5	2	0	0	0	0	0	0	0	0	0	0	0	0	0	0
Tforsythia	long	3	0	0	0	0	0	0	0	0	0	0	0	0	0	0	0
Tforsythia	short	4	2	0	0	1	0	0	3	2	0	0	0	4	2	0	0
Adentalis	long	2	2	1048	935	535	1008	2877	1310	1345	2766	951	513	970	924	10	2
Msmithii	long	0	5	27354	27116	59147	27329	12412	28161	27018	11927	26314	59209	28587	25667	13	0
Msmithii	long	6	7	26890	27954	60845	26831	12504	28277	27642	12073	27769	61109	28632	26984	15	0
Tforsythia	long	1	3	5406	5283	5884	5204	5494	5610	5746	5177	5393	5863	5534	5306	10	8
Adentalis	short	6	4	8303	7930	4053	7931	26993	8236	8705	26119	8269	3808	8571	7988	48	2
Msmithii	long	1	0	0	0	0	0	0	0	0	0	0	0	0	0	0	0
Tforsythia	long	1	1	0	0	0	0	0	0	0	0	0	0	0	0	0	0
Msmithii	medium	5	2	4	0	2	4	1	12	9	0	1	1	3	1	1	0
Msmithii	short	8	5	19013	19087	42090	20059	7682	19550	18701	9000	16702	41415	19278	17612	10	0
Msmithii	medium	6	4	18026	19930	42984	17859	8189	19621	19435	8590	19347	43615	19044	19245	12	1
Adentalis	long	7	4	28140	29892	14046	28032	89712	29695	29824	89806	28847	14514	29199	28623	51	1
Adentalis	medium	6	5	25388	26043	12354	24706	81877	25710	26948	80325	26110	12269	26476	25305	44	2
Adentalis	long	6	7	47225	47018	20948	45745	140413	47336	49476	136551	48420	20074	49575	46927	46	1
Tforsythia	medium	8	3	2423	2561	2699	2413	2292	2888	2623	2490	2302	2803	2470	2354	9	12
Tforsythia	short	4	6	3996	3493	5465	4184	3266	4133	3741	3065	3668	5063	4513	3686	9	3
Msmithii	medium	3	2	0	0	1	0	0	15	14	0	0	0	0	0	0	0
Msmithii	long	2	7	26892	27956	60847	26835	12506	28281	27646	12073	27769	61113	28633	26987	15	0
Tforsythia	short	1	6	3831	3368	5331	4006	3133	3997	3609	2938	3545	4945	4356	3565	9	1
Adentalis	short	5	5	10856	10509	5086	10465	35062	11004	11289	34169	10988	4790	11444	10723	42	0
Adentalis	medium	3	6	33837	33491	14853	33142	104558	35034	34463	103442	34519	14701	35298	34239	47	3
Tforsythia	medium	9	0	0	0	0	0	0	0	0	0	0	0	0	0	0	0
Tforsythia	long	0	1	0	0	0	0	0	0	0	0	0	0	0	0	0	0
Tforsythia	long	0	2	31	42	60	35	25	67	47	25	32	51	71	31	3	2
Msmithii	medium	5	4	15996	17327	36800	15866	7208	17103	16945	7373	16289	37351	16750	15990	16	0
Msmithii	medium	3	3	3260	3568	7806	3159	1355	3435	3563	1445	3222	7899	3188	3195	11	1
Tforsythia	medium	2	6	14232	13791	16583	14275	11799	14234	13789	11868	13367	16565	14179	13402	12	8
Tforsythia	short	7	6	8265	7389	9986	8409	7866	8337	7948	7493	7451	9292	8850	7614	16	3
Adentalis	medium	5	7	33774	34071	15231	33013	103563	34629	35020	101936	35059	15129	35329	34284	49	2
Msmithii	medium	5	1	0	0	0	0	0	0	0	0	0	0	0	0	0	0
Msmithii	long	5	5	24673	24954	54604	24813	10678	26414	24695	11217	22795	54682	25974	23010	11	1
Adentalis	medium	3	5	25677	27018	11992	25146	81904	26872	27350	81135	26798	12296	26917	26263	46	2
Adentalis	medium	3	0	0	0	0	0	0	0	0	0	0	0	0	0	0	0
Msmithii	long	9	5	20650	22705	49209	20779	9562	22285	22329	9747	21927	49493	22238	21694	10	1
Msmithii	long	5	4	23523	25391	54676	23542	10592	24952	25147	10933	23452	54965	24611	23475	11	4
Tforsythia	short	1	7	3828	3350	5326	4003	3131	3977	3603	2934	3544	4934	4339	3565	9	2
Tforsythia	medium	8	6	20666	21288	24938	20089	20397	22600	20972	20077	21343	25941	22293	20667	12	8
Adentalis	short	3	4	11638	11769	5904	11428	36893	11461	12286	36508	11201	5782	11473	11125	52	1
Adentalis	long	7	0	0	0	0	0	0	0	0	0	0	0	0	0	0	0
Tforsythia	medium	7	0	0	0	0	0	0	0	0	0	0	0	0	0	0	0
Adentalis	short	5	0	0	0	0	0	0	0	0	0	0	0	0	0	0	0
Adentalis	short	3	2	0	0	0	0	0	0	0	0	0	0	0	0	0	0
Tforsythia	short	6	0	0	0	0	0	0	0	0	0	0	0	0	0	0	0
Adentalis	long	6	6	46686	47060	20691	45664	140622	47172	48736	137748	47981	20141	48873	46691	48	2
Msmithii	medium	5	0	0	0	0	0	0	0	0	0	0	0	0	0	0	0
Adentalis	medium	3	1	0	0	0	0	0	0	0	0	0	0	0	0	0	0
Tforsythia	short	3	1	0	0	0	0	0	0	0	0	0	0	0	0	0	0
Tforsythia	medium	8	0	0	0	0	0	0	0	0	0	0	0	0	0	0	0
Msmithii	medium	3	4	24096	23744	52794	24118	10151	25504	23197	10882	22264	53263	24782	22393	17	3
Msmithii	long	3	7	26590	27211	59512	26562	12253	27892	26871	11820	27021	59784	28284	26190	12	1
Adentalis	short	0	5	11446	11255	5464	11096	37346	11584	11930	36400	11665	5215	12098	11287	43	2
Adentalis	medium	8	6	34671	35273	15981	34077	108194	35471	36083	106985	35708	15900	35919	35185	49	3
Adentalis	short	1	7	11143	10745	5513	10688	37246	11100	11746	35968	11289	5070	11823	10898	41	2
Adentalis	short	9	7	12605	12794	5770	12125	41565	12972	13331	40806	12908	5838	13190	12524	43	3
Adentalis	short	8	7	15019	15465	7265	14642	50504	15433	15937	49756	15259	7281	15703	14865	44	2
Adentalis	short	3	6	13640	13849	6188	13391	44255	14522	14014	43987	13727	6391	14474	13492	48	4
Adentalis	short	6	5	11139	10760	5553	10694	37017	11131	11722	35778	11322	5134	11844	10928	43	1
Adentalis	short	7	5	11493	10915	5330	10941	36147	11453	12051	35018	11216	4824	11967	11081	44	3
Adentalis	short	6	6	15272	16221	6529	15005	49022	16394	15896	49127	15517	7233	15936	15136	46	5
Adentalis	short	7	6	14506	15222	6328	14100	46806	15426	15178	46683	14658	6876	15122	14303	45	6
Adentalis	short	6	7	13854	14292	6280	13516	45369	14342	14558	44866	14165	6461	14414	13789	45	3
Adentalis	short	0	7	13978	14200	6605	13538	45734	14510	14732	44948	14263	6608	14788	13878	45	3
Adentalis	short	7	7	13384	13470	6178	12897	44237	13779	14102	43331	13692	6133	14143	13255	43	3
Adentalis	long	1	4	23676	23317	11764	22808	75061	22903	25252	72132	24274	10911	24790	23039	53	4
Adentalis	short	8	6	13985	14317	6578	13533	46185	14371	14799	45423	14244	6642	14601	13838	47	2
Adentalis	medium	8	7	38233	38410	17834	36991	118386	38238	40355	115460	39609	17239	39780	38446	53	4
Adentalis	short	0	6	15381	16262	6890	15041	49632	16474	16134	49541	15632	7449	16157	15280	47	4
Adentalis	medium	7	4	14692	15923	7466	14758	49587	15939	15769	50053	14883	7762	15256	14993	51	5
Adentalis	medium	6	4	12812	12682	6671	12480	42058	13202	13517	41251	12784	6476	13334	12532	50	4
